{
    "epoch": 1.0,
    "eval_loss": 0.08585429936647415,
    "eval_runtime": 2620.6728,
    "eval_samples": 442,
    "eval_samples_per_second": 0.169,
    "eval_steps_per_second": 0.169,
    "perplexity": 1.0896475543996844
}